time,base_time,time_offset,mean_u,qc_mean_u,mean_v,qc_mean_v,mean_w,qc_mean_w,mean_t,qc_mean_t,mean_q,qc_mean_q,mean_c,qc_mean_c,var_u,qc_var_u,var_v,qc_var_v,var_w,qc_var_w,var_t,qc_var_t,var_q,qc_var_q,var_c,qc_var_c,skew_u,skew_v,skew_w,skew_t,skew_q,skew_c,kurt_u,kurt_v,kurt_w,kurt_t,kurt_q,kurt_c,cvar_uv,cvar_uw,cvar_ut,cvar_uq,cvar_uc,cvar_vw,cvar_vt,cvar_vq,cvar_vc,cvar_wt,cvar_wq,cvar_wc,cvar_tq,cvar_tc,cvar_qc,elev,qc_elev,phi,mean_rot_u,mean_rot_v,mean_rot_w,var_rot_u,var_rot_v,var_rot_w,cvar_rot_uv,cvar_rot_uw,cvar_rot_ut,cvar_rot_uq,cvar_rot_uc,cvar_rot_vw,cvar_rot_vt,cvar_rot_vq,cvar_rot_vc,cvar_rot_wt,cvar_rot_wq,cvar_rot_wc,wind_spd,qc_wind_spd,wind_dir,qc_wind_dir,std_wind_dir,qc_std_wind_dir,std_elev,qc_std_elev,atm_pres,qc_atm_pres,temp_irga,qc_temp_irga,cp,qc_cp,rho,qc_rho,lv,qc_lv,mr,qc_mr,real_cp,real_rho,real_lv,real_mr,h,qc_h,lv_e,qc_lv_e,k,qc_k,ustar,qc_ustar,fc,qc_fc,n_good_u,qc_n_good_u,n_good_v,qc_n_good_v,n_good_w,qc_n_good_w,n_good_t,qc_n_good_t,n_good_q,qc_n_good_q,n_good_c,qc_n_good_c,n_bad_u,n_bad_v,n_bad_w,n_bad_t,n_bad_q,n_bad_c,n_spk_u,n_spk_v,n_spk_w,n_spk_t,n_spk_q,n_spk_c,mean_spk_u,mean_spk_v,mean_spk_w,mean_spk_t,mean_spk_q,mean_spk_c,n_bad_sonic,n_bad_irga,n_bad_irga_light,mean_cooler,lat,lon,alt
2020-03-14 00:00:00,2020-03-14,2020-03-14 00:00:00,-7.753,0,0.6906,0,1.169,0,278.3,0,198.2,0,16.16,0,2.391,0,2.227,0,0.1988,0,0.1497,0,76.24,2,0.08569,0,-0.08516,-0.9533,0.2106,0.1287,-0.8114,-0.925,2.695,4.179,3.701,3.027,5.125,5.055,1.072,-0.03856,0.2336,1.425,-0.06118,0.03918,0.03057,2.1,0.02713,0.03878,0.4446,-0.02435,0.3317,-0.05554,1.283,8.545,4,174.9,7.871,0.0,-5.131e-17,2.168,2.418,0.2307,1.053,-0.254,-0.2217,-1.153,0.05902,-0.1942,-0.05118,-2.218,-0.02159,0.07252,0.6229,-0.03349,7.871,0,5.085,0,11.4,0,3.505,0,100.6,0,-1.405,0,1012.0,0,1.257,0,2490000.0,0,0.00303,0,0.0,0.0,0.0,0.0,112.5,0,27.92,0,-0.3192,0,0.504,0,-33.49,0,17987.0,0,17987.0,0,17987.0,0,17985.0,0,17979.0,0,17969.0,0,0.0,0.0,0.0,0.0,0.0,0.0,0.0,0.0,0.0,2.0,20.0,30.0,,,,277.2,205.7,16.32,12.0,0.0,0.0,1.119,69.14128,15.684167,2.0
2020-03-14 00:30:00,2020-03-14,2020-03-14 00:30:00,-10.71,0,0.4991,0,1.461,0,278.6,0,236.8,0,17.0,0,2.92,0,1.902,0,0.3346,0,0.1829,0,641.9,0,0.1205,0,0.3835,-0.08108,0.279,-0.1267,0.6695,-0.764,3.589,3.181,3.707,2.831,2.129,3.012,0.3568,-0.02483,0.3332,2.314,-0.1011,0.05026,0.03528,3.396,-0.01887,0.02879,1.835,-0.005531,-1.181,-0.05363,4.677,7.758,4,177.3,10.82,2.711e-20,-1.892e-16,2.846,1.937,0.3738,0.3923,-0.315,-0.3243,-1.886,0.09849,-0.103,-0.05075,-3.5,0.02356,0.07324,2.108,-0.019,10.82,0,2.663,0,7.346,0,3.348,0,100.6,0,-0.8526,0,1013.0,0,1.255,0,2489000.0,0,0.003626,0,0.0,0.0,0.0,0.0,113.6,0,94.47,0,-0.3954,0,0.5612,0,-19.0,0,17998.0,0,17998.0,0,17995.0,0,17994.0,0,17998.0,0,17998.0,0,0.0,0.0,0.0,0.0,0.0,0.0,0.0,0.0,3.0,4.0,0.0,0.0,,,3.237,277.3,,,0.0,0.0,0.0,1.139,69.14128,15.684167,2.0
2020-03-14 01:00:00,2020-03-14,2020-03-14 01:00:00,-10.7,0,0.3158,0,1.427,0,278.4,0,262.4,0,17.17,0,3.391,0,1.429,0,0.3306,0,0.2102,0,219.2,0,0.03809,0,-0.04447,-0.3966,0.214,-0.09173,-0.04872,-1.221,2.104,3.982,3.753,3.194,2.596,4.9,0.1128,-0.1322,0.289,19.72,-0.02725,0.0217,0.06269,-0.9047,0.03223,0.03735,0.06124,-0.01906,2.392,-0.02608,-1.06,7.593,4,178.3,10.8,0.0,-4.289e-17,3.364,1.437,0.3491,0.1666,-0.2716,-0.2796,-19.55,0.02542,-0.04016,-0.07119,0.3226,-0.03141,0.07496,2.668,-0.02261,10.8,0,1.685,0,6.306,0,3.191,0,100.6,0,-0.697,0,1013.0,0,1.256,0,2490000.0,0,0.004018,0,0.0,0.0,0.0,0.0,116.4,0,119.6,0,-0.3411,0,0.5212,0,-22.61,0,17989.0,0,17988.0,0,17988.0,0,17981.0,0,17990.0,0,17968.0,0,0.0,0.0,0.0,0.0,0.0,0.0,0.0,1.0,1.0,8.0,9.0,31.0,,-3.01,-0.16,280.3,253.7,17.1,10.0,0.0,0.0,1.143,69.14128,15.684167,2.0
2020-03-14 01:30:00,2020-03-14,2020-03-14 01:30:00,-10.47,0,-0.5686,0,1.338,0,279.0,0,243.9,0,17.3,0,2.032,0,1.331,0,0.3155,0,0.2389,0,174.8,0,0.02323,0,-0.3425,-0.02989,0.4363,-0.2186,-0.1181,-0.2281,2.928,2.951,3.841,3.16,2.835,2.866,-0.5626,-0.08997,0.3904,1.26,0.02089,0.09439,-0.03525,0.07341,-0.03198,0.01502,2.09,-0.02578,1.539,-0.008451,-1.568,7.267,4,-176.9,10.57,5.421e-20,1.935e-16,1.964,1.394,0.3207,-0.6049,-0.1254,-0.3829,-0.9879,-0.02223,-0.02279,0.05636,-0.00499,0.03307,0.06397,2.233,-0.02316,10.57,0,356.9,0,6.505,0,3.09,0,100.6,0,-0.6796,0,1013.0,0,1.254,0,2488000.0,0,0.003741,0,0.0,0.0,0.0,0.0,99.1,0,100.0,0,-0.1572,0,0.3542,0,-23.16,0,17998.0,0,17998.0,0,17996.0,0,17995.0,0,17998.0,0,17998.0,0,0.0,0.0,0.0,0.0,0.0,0.0,0.0,0.0,2.0,3.0,0.0,0.0,,,3.69,277.6,,,0.0,0.0,0.0,1.142,69.14128,15.684167,2.0
2020-03-14 02:00:00,2020-03-14,2020-03-14 02:00:00,-8.396,0,-1.043,0,1.009,0,279.3,0,256.4,0,17.66,0,1.24,0,1.162,0,0.1874,0,0.1435,0,366.8,0,0.004946,0,-0.3799,0.02721,0.362,0.04307,0.3665,-1.108,3.335,2.779,3.771,3.019,2.525,5.425,-0.0125,-0.02447,0.1538,6.1,-0.00626,0.05274,0.03528,4.254,-0.01311,0.03192,1.432,-0.00732,2.725,-0.009794,-1.027,6.8,0,-172.9,8.521,0.0,1.189e-16,1.225,1.167,0.1979,-0.02801,-0.106,-0.152,-6.362,0.006906,-0.05241,-0.01605,-3.469,0.01223,0.05028,2.201,-0.008195,8.521,0,352.9,0,7.217,0,3.038,0,100.6,0,-0.5974,0,1013.0,0,1.252,0,2487000.0,0,0.003937,0,0.0,0.0,0.0,0.0,77.84,0,98.55,0,-0.1327,0,0.3255,0,-8.195,0,17999.0,0,17999.0,0,17999.0,0,17992.0,0,17999.0,0,17983.0,0,0.0,0.0,0.0,0.0,0.0,0.0,0.0,0.0,0.0,7.0,0.0,16.0,,,,278.6,,17.58,0.0,0.0,0.0,1.15,69.14128,15.684167,2.0
2020-03-14 02:30:00,2020-03-14,2020-03-14 02:30:00,-8.535,0,0.4009,0,1.181,0,279.3,0,273.8,0,17.29,0,2.204,0,1.889,0,0.269,0,0.1653,0,271.3,0,0.1663,0,-0.3519,0.2378,0.4114,-0.07103,0.0224,-0.9262,2.518,2.639,3.535,3.063,2.566,2.401,-1.078,-0.1882,0.2595,9.687,0.3185,0.2866,-0.05169,-9.81,-0.4043,0.02699,-0.6874,-0.1014,2.018,-0.005359,3.553,7.872,4,177.3,8.625,0.0,1.686e-16,2.321,1.788,0.2526,-1.087,-0.08226,-0.2555,-10.14,-0.3479,-0.1298,0.03945,9.344,0.3889,0.06257,0.7074,-0.05427,8.625,0,2.684,0,8.981,0,3.348,0,100.6,0,-0.4642,0,1014.0,0,1.252,0,2487000.0,0,0.004206,0,0.0,0.0,0.0,0.0,96.89,0,31.67,0,-0.103,0,0.2868,0,-54.27,2,17998.0,0,17998.0,0,17996.0,0,17996.0,0,17998.0,0,17996.0,0,0.0,0.0,0.0,0.0,0.0,0.0,0.0,0.0,2.0,2.0,0.0,2.0,,,4.135,278.1,,16.95,0.0,0.0,0.0,1.15,69.14128,15.684167,2.0
2020-03-14 03:00:00,2020-03-14,2020-03-14 03:00:00,-8.22,0,2.234,0,1.284,0,279.1,0,216.1,0,16.34,0,0.995,0,1.607,0,0.1944,0,0.1559,0,181.4,0,0.04007,0,-0.2317,-0.2408,0.2016,0.1998,-0.4226,-0.277,2.99,2.753,3.783,3.033,2.498,2.779,-0.2359,0.01801,0.1079,0.6447,-0.07998,0.06355,0.03561,-5.744,-0.04831,0.06634,0.7428,-0.01625,0.859,-0.03766,0.7711,8.571,4,164.8,8.614,-2.168e-19,-5.681e-17,1.135,1.446,0.216,-0.3642,-0.1425,-0.08381,-1.994,0.06137,-0.0119,-0.06265,5.374,0.06759,0.07972,1.052,-0.02568,8.614,0,15.2,0,8.215,0,3.193,0,100.7,0,-0.7011,0,1012.0,0,1.254,0,2488000.0,0,0.003311,0,0.0,0.0,0.0,0.0,123.5,0,47.1,0,-0.1787,0,0.3774,0,-25.68,0,17999.0,0,17999.0,0,17998.0,0,17997.0,0,17996.0,0,17993.0,0,0.0,0.0,0.0,0.0,0.0,0.0,0.0,0.0,1.0,2.0,3.0,6.0,,,2.56,282.2,227.2,16.4,0.0,0.0,0.0,1.136,69.14128,15.684167,2.0
2020-03-14 03:30:00,2020-03-14,2020-03-14 03:30:00,-6.84,0,-0.1224,0,0.901,0,279.0,0,210.9,0,16.48,0,1.281,0,1.064,0,0.1422,0,0.1321,0,166.7,0,0.06092,0,-0.5519,0.141,0.3706,0.05258,-0.9458,-0.3743,3.376,2.927,3.531,3.052,3.833,2.814,0.00639,-0.05822,0.1248,-4.283,-0.07821,0.05841,-0.01389,2.173,0.01566,0.02135,1.392,-0.0101,0.9611,-0.03112,1.204,7.503,4,-179.0,6.9,0.0,8.293e-17,1.277,1.064,0.1468,-0.005275,-0.09226,-0.1206,4.389,0.07593,-0.05926,0.01612,-2.25,-0.01706,0.03742,0.8265,-0.02019,6.9,0,359.0,0,8.627,0,3.177,0,100.7,0,-0.8709,0,1012.0,0,1.255,0,2488000.0,0,0.003229,0,0.0,0.0,0.0,0.0,58.0,0,37.02,0,-0.1158,0,0.3038,0,-20.19,0,17998.0,0,17998.0,0,17998.0,0,17996.0,0,17983.0,0,17962.0,0,0.0,0.0,0.0,0.0,0.0,0.0,0.0,0.0,0.0,2.0,15.0,36.0,,,,279.5,189.3,16.37,0.0,0.0,0.0,1.133,69.14128,15.684167,2.0
2020-03-14 04:00:00,2020-03-14,2020-03-14 04:00:00,-6.491,0,0.6869,0,0.888,0,278.9,0,158.5,0,16.43,0,2.807,0,1.312,0,0.1634,0,0.1396,0,5100.0,0,0.1241,0,-0.219,0.6604,0.5297,-0.08368,-0.2585,-0.4138,2.214,3.735,3.493,3.329,1.329,2.156,-0.2314,-0.2766,0.3127,-53.2,-0.2659,0.0845,-0.03652,6.63,-0.04066,0.0002554,7.065,0.01007,-9.011,-0.06144,18.94,7.747,4,174.0,6.588,0.0,3.617e-17,2.866,1.28,0.1362,-0.07663,-0.0837,-0.3119,54.06,0.2592,-0.04501,0.00341,-0.9955,0.06842,0.04269,-0.2247,-0.02509,6.588,0,6.035,0,11.15,0,3.354,0,100.7,0,-0.9774,0,1011.0,0,1.256,0,2488000.0,0,0.002422,0,0.0,0.0,0.0,0.0,66.12,0,-10.07,0,-0.1052,0,0.2893,0,-25.09,0,17984.0,0,17984.0,0,17982.0,0,17977.0,0,17969.0,0,17867.0,0,0.0,0.0,0.0,0.0,0.0,0.0,1.0,1.0,3.0,8.0,30.0,132.0,-10.52,-2.06,1.607,281.2,132.8,16.47,14.0,0.0,0.0,1.132,69.14128,15.684167,2.0
2020-03-14 04:30:00,2020-03-14,2020-03-14 04:30:00,-4.406,0,1.792,0,0.7611,0,279.0,0,143.3,0,16.33,0,2.272,0,0.861,0,0.1434,0,0.08216,0,411.1,0,0.03835,0,-0.8538,0.3226,0.618,0.007265,-0.6669,-0.6029,3.138,2.843,3.877,3.215,2.497,2.825,-0.7796,-0.3311,0.2027,-15.65,-0.132,0.1125,-0.08844,5.37,0.02116,-0.007288,3.449,0.01489,-0.9583,-0.0211,2.539,9.09,4,157.9,4.817,0.0,1.008e-16,2.663,0.5171,0.09621,-0.06183,-0.05394,-0.2195,16.85,0.131,0.03067,0.005539,0.9212,0.03015,0.02774,0.7962,-0.005882,4.817,0,22.13,0,9.728,0,3.998,0,100.7,0,-0.96,0,1010.0,0,1.256,0,2488000.0,0,0.002191,0,0.0,0.0,0.0,0.0,42.92,0,35.66,0,-0.06773,0,0.2322,0,-5.882,0,17999.0,0,17999.0,0,17999.0,0,17999.0,0,17992.0,0,17976.0,0,0.0,0.0,0.0,0.0,0.0,0.0,0.0,0.0,0.0,0.0,7.0,23.0,,,,,113.0,16.73,0.0,0.0,0.0,1.133,69.14128,15.684167,2.0
2020-03-14 05:00:00,2020-03-14,2020-03-14 05:00:00,-6.409,0,2.112,0,1.097,0,278.9,0,181.6,0,16.72,0,1.058,0,1.102,0,0.1401,0,0.08801,0,118.7,0,0.04137,0,-0.4099,-0.2773,0.3758,0.05756,-0.1747,-0.4883,3.273,2.605,3.906,3.031,2.791,2.872,0.107,-0.0429,0.1054,2.568,-0.01909,0.01037,-0.03688,-4.165,-0.04783,0.02416,-0.03703,-0.02169,0.8076,-0.02591,1.111,9.237,4,161.8,6.837,0.0,6.861e-17,0.9908,1.162,0.1483,0.07255,-0.09435,-0.1064,-3.7,-0.0003597,-0.008173,0.002033,3.152,0.0514,0.04177,0.5641,-0.02191,6.837,0,18.23,0,9.217,0,3.311,0,100.7,0,-0.8505,0,1011.0,0,1.256,0,2489000.0,0,0.002776,0,0.0,0.0,0.0,0.0,64.73,0,25.27,0,-0.1185,0,0.3072,0,-21.91,0,17998.0,0,17998.0,0,17996.0,0,17998.0,0,17998.0,0,17994.0,0,0.0,0.0,0.0,0.0,0.0,0.0,0.0,0.0,2.0,0.0,0.0,4.0,,,2.61,,,16.21,0.0,0.0,0.0,1.138,69.14128,15.684167,2.0
2020-03-14 05:30:00,2020-03-14,2020-03-14 05:30:00,-4.196,0,0.9712,0,0.7095,0,279.2,0,219.2,0,17.14,0,1.693,0,0.5572,0,0.1242,0,0.07448,0,194.1,0,0.02111,0,-0.2874,-0.384,0.3763,-0.168,-0.1197,-0.8498,2.176,4.054,3.611,3.153,2.144,3.321,0.3213,-0.2186,0.06718,12.21,0.1023,-0.01597,0.01804,3.705,0.02634,0.01884,-0.8938,-0.02554,1.333,-0.008184,0.8405,9.355,4,167.0,4.365,-5.421e-20,-1.323e-16,1.525,0.7561,0.0932,0.5416,-0.02144,-0.0575,-11.05,-0.09659,-0.0235,-0.03273,-6.362,-0.04872,0.02856,0.9149,-0.009969,4.365,0,13.03,0,11.42,0,4.139,0,100.7,0,-1.163,0,1012.0,0,1.254,0,2488000.0,0,0.003359,0,0.0,0.0,0.0,0.0,44.25,0,40.97,0,-0.0269,0,0.1464,0,-9.969,0,17999.0,0,17999.0,0,17999.0,0,17996.0,0,17999.0,0,17999.0,0,0.0,0.0,0.0,0.0,0.0,0.0,0.0,0.0,0.0,3.0,0.0,0.0,,,,278.4,,,0.0,0.0,0.0,1.133,69.14128,15.684167,2.0
2020-03-14 06:00:00,2020-03-14,2020-03-14 06:00:00,-0.5826,0,0.4491,0,0.3028,0,278.3,0,263.3,0,17.14,0,4.668,0,0.7697,0,0.1428,0,0.1666,0,268.2,0,0.04431,0,-0.4515,-0.1214,0.7287,-0.3197,-0.5545,-0.3648,2.378,3.47,5.513,3.644,1.937,2.15,-0.5058,-0.4484,-0.5283,23.32,-0.04695,0.07675,0.05413,-0.6493,-0.00275,0.06841,-1.279,-0.003698,-3.145,-0.009195,-2.011,22.37,4,142.4,0.7955,-2.711e-20,-4.787e-17,3.471,1.734,0.3758,1.705,-0.968,0.4435,-17.93,0.03142,-0.4716,0.2797,-13.72,0.03084,-0.1086,5.997,-0.01693,0.7955,0,37.62,0,93.35,0,18.79,0,100.8,0,-1.215,0,1013.0,0,1.259,0,2490000.0,0,0.004023,0,0.0,0.0,0.0,0.0,-169.0,0,268.8,0,-1.218,0,0.9839,0,-16.93,0,17997.0,0,17997.0,0,17997.0,0,17996.0,0,17997.0,0,17997.0,0,0.0,0.0,0.0,0.0,0.0,0.0,0.0,0.0,0.0,1.0,0.0,0.0,,,,277.8,,,0.0,0.0,0.0,1.13,69.14128,15.684167,2.0
2020-03-14 06:30:00,2020-03-14,2020-03-14 06:30:00,-5.239,0,-0.5858,0,0.7673,0,278.6,0,226.8,0,16.63,0,7.203,4,1.322,0,0.2387,0,0.09635,0,1680.0,0,0.1395,0,0.4704,-0.3536,0.141,-0.3178,-0.4408,-0.29,2.221,3.04,2.661,3.141,1.465,1.515,0.878,-0.923,0.306,-89.68,-0.9144,-0.03076,0.1624,-5.757,-0.1108,-0.0115,13.52,0.1168,-2.404,-0.0451,13.86,8.282,4,-173.6,5.327,0.0,1.458e-17,7.44,1.2,0.1232,0.1943,-0.1274,-0.3205,90.78,0.9282,-0.101,-0.1274,-4.244,0.008464,0.03502,0.4544,-0.0171,5.327,0,353.6,0,27.13,0,6.11,0,100.8,0,-1.53,0,1012.0,0,1.258,0,2489000.0,0,0.003465,0,0.0,0.0,0.0,0.0,54.42,0,20.36,0,-0.1603,0,0.357,0,-17.1,0,17996.0,0,17996.0,0,17992.0,0,17991.0,0,17959.0,0,17899.0,0,0.0,0.0,0.0,0.0,0.0,0.0,0.0,0.0,4.0,5.0,40.0,100.0,,,1.765,284.2,247.3,16.74,3.0,0.0,0.0,1.119,69.14128,15.684167,2.0
2020-03-14 07:00:00,2020-03-14,2020-03-14 07:00:00,1.397,0,-0.6522,0,0.1199,0,278.5,0,202.9,0,16.25,0,0.9298,0,0.3477,0,0.03939,0,0.07429,0,47.91,2,0.01625,0,0.3686,-1.36,0.438,-0.232,-0.6246,0.05839,2.275,5.234,4.385,3.245,2.527,2.14,-0.04239,0.09127,-0.1106,4.81,0.08747,-0.01304,-0.076,-0.6118,3.106e-05,-0.001072,0.5762,0.003819,-0.2224,-0.01555,0.6357,4.448,0,-25.03,1.546,0.0,4.494e-18,0.8668,0.4194,0.03067,0.1974,0.02385,-0.06791,4.648,0.0793,0.01152,-0.1156,1.481,0.03704,0.004207,0.2164,-0.002339,1.546,0,205.0,0,28.67,0,8.778,0,100.8,0,-1.676,0,1012.0,0,1.259,0,2489000.0,0,0.003098,0,0.0,0.0,0.0,0.0,6.537,0,9.695,0,0.03001,4,,1,-2.339,0,17998.0,0,17998.0,0,17997.0,0,17997.0,0,17994.0,0,17996.0,0,0.0,0.0,0.0,0.0,0.0,0.0,0.0,0.0,1.0,1.0,4.0,2.0,,,0.61,279.0,211.7,16.39,0.0,0.0,0.0,1.112,69.14128,15.684167,2.0
2020-03-14 07:30:00,2020-03-14,2020-03-14 07:30:00,4.437,0,-0.9737,0,0.406,0,277.7,0,161.4,0,15.75,0,0.508,0,0.3144,0,0.08147,0,0.0801,0,344.0,0,0.04517,0,-0.3846,-0.03812,0.1858,1.028,1.13,-0.1524,3.821,2.644,3.645,4.829,3.062,2.675,-0.1092,-0.02777,-0.08616,-5.8,-0.07637,0.006973,-0.01761,-1.055,0.04216,0.01373,0.2699,-0.006299,3.443,0.01138,2.158,5.108,0,-12.38,4.561,-5.421e-20,9.111e-18,0.5361,0.2776,0.09022,-0.05828,-0.06926,-0.07884,-5.393,-0.08386,0.00607,-0.03567,-2.274,0.02481,0.02083,0.7531,0.001171,4.561,0,192.4,0,7.518,0,3.952,0,100.8,0,-1.791,0,1011.0,0,1.263,0,2491000.0,0,0.002455,0,0.0,0.0,0.0,0.0,32.43,0,33.77,0,-0.08745,0,0.2632,0,1.171,0,17999.0,0,17999.0,0,17999.0,0,17999.0,0,17981.0,0,17981.0,0,0.0,0.0,0.0,0.0,0.0,0.0,0.0,0.0,0.0,0.0,18.0,18.0,,,,,181.9,15.76,0.0,0.0,0.0,1.103,69.14128,15.684167,2.0
2020-03-14 08:00:00,2020-03-14,2020-03-14 08:00:00,3.88,0,-0.2717,0,0.3613,0,276.1,0,176.9,0,16.26,0,0.2942,0,0.2724,0,0.05799,0,0.3727,0,127.9,0,0.04723,0,-1.147,0.7379,0.0624,1.083,-0.3613,-0.4387,4.533,3.984,4.342,3.644,2.0,2.025,-0.1626,-0.01365,0.1143,-2.815,-0.0391,-0.001244,-0.1163,3.104,0.0563,0.01302,0.09748,-0.004622,-5.656,-0.1106,2.311,5.308,0,-4.007,3.906,0.0,-3.423e-17,0.3121,0.2498,0.06269,-0.159,-0.03713,0.1228,-3.003,-0.04319,0.01257,-0.108,2.899,0.05343,0.00167,0.3769,-0.0006301,3.906,0,184.0,0,8.448,0,4.083,0,100.8,0,-1.847,0,1011.0,0,1.27,0,2495000.0,0,0.002675,0,0.0,0.0,0.0,0.0,2.615,0,16.92,0,-0.04715,0,0.1927,0,-0.6301,0,17998.0,0,17998.0,0,17998.0,0,17998.0,0,17998.0,0,17998.0,0,0.0,0.0,0.0,0.0,0.0,0.0,0.0,0.0,0.0,0.0,0.0,0.0,,,,,,,0.0,0.0,0.0,1.106,69.14128,15.684167,2.0
2020-03-14 08:30:00,2020-03-14,2020-03-14 08:30:00,3.403,0,0.1461,0,0.4142,0,275.7,0,192.9,0,16.45,0,0.5039,0,0.2475,0,0.1164,0,0.07389,0,11.84,2,0.02224,0,0.3,0.4051,0.07578,0.007945,-0.1087,0.1358,2.707,2.927,4.109,2.706,2.438,1.66,-0.1706,-0.006429,0.003959,-1.409,-0.05981,-0.0293,-0.003928,0.4516,0.02999,0.01719,0.07611,-0.01208,-0.2629,-0.01249,0.3525,6.933,0,2.458,3.432,-1.355e-20,1.619e-17,0.4815,0.2626,0.1237,-0.1831,-0.05208,0.005834,-1.369,-0.0595,-0.006949,-0.004094,0.5116,0.03253,0.0166,0.2431,-0.004932,3.432,0,177.5,0,9.278,0,6.092,0,100.8,0,-1.352,0,1011.0,0,1.272,0,2496000.0,0,0.002914,0,0.0,0.0,0.0,0.0,26.06,0,10.92,0,-0.06623,0,0.2282,0,-4.932,0,17999.0,0,17999.0,0,17999.0,0,17994.0,0,17999.0,0,17999.0,0,0.0,0.0,0.0,0.0,0.0,0.0,0.0,0.0,0.0,5.0,0.0,0.0,,,,276.3,,,0.0,0.0,0.0,1.114,69.14128,15.684167,2.0
2020-03-14 09:00:00,2020-03-14,2020-03-14 09:00:00,5.038,0,-0.09397,0,0.5386,0,276.2,0,187.0,0,16.47,0,0.5783,0,0.2563,0,0.1303,0,0.07315,0,8.132,2,0.01041,0,-0.06721,0.3398,0.1452,-0.3124,0.01936,-0.2215,2.789,3.499,3.871,2.776,3.638,2.876,-0.08927,0.005193,-0.04003,-0.5233,0.006715,-0.02929,-0.001406,-0.0631,-0.00517,0.01114,0.1873,-0.003522,0.08093,0.01178,0.05406,6.101,0,-1.068,5.068,0.0,-8.704e-17,0.5777,0.2531,0.1342,-0.08583,-0.04207,-0.03858,-0.4992,0.006397,-0.02018,-0.002152,-0.07285,-0.005044,0.01533,0.2417,-0.004225,5.068,0,181.1,0,5.867,0,4.306,0,100.8,0,-1.369,0,1011.0,0,1.269,0,2495000.0,0,0.002831,0,0.0,0.0,0.0,0.0,24.01,0,10.85,0,-0.0534,0,0.2051,0,-4.225,0,17998.0,0,17998.0,0,17998.0,0,17996.0,0,17997.0,0,17998.0,0,0.0,0.0,0.0,0.0,0.0,0.0,0.0,0.0,0.0,2.0,1.0,0.0,,,,275.8,195.8,,0.0,0.0,0.0,1.111,69.14128,15.684167,2.0
2020-03-14 09:30:00,2020-03-14,2020-03-14 09:30:00,4.733,0,0.02689,0,0.5109,0,276.8,0,190.8,0,16.48,0,0.77,0,0.391,0,0.1777,0,0.3611,0,7.944,2,0.005509,0,-0.2439,0.5197,-0.01393,0.4666,-0.1204,-0.4743,2.626,3.824,3.887,2.022,3.908,3.547,-0.1849,0.01241,-0.2159,-0.5482,-0.01238,-0.06286,0.007955,0.1746,0.006647,-0.007398,0.2454,-0.01023,-0.2838,0.002684,-0.01627,6.162,0,0.3256,4.76,0.0,2.115e-17,0.7636,0.3932,0.1819,-0.1927,-0.0512,-0.2154,-0.5177,-0.01337,-0.0425,0.009182,0.1777,0.006717,0.01581,0.3027,-0.00885,4.76,0,179.7,0,8.036,0,5.203,0,100.8,0,-1.188,0,1011.0,0,1.266,0,2493000.0,0,0.002894,0,0.0,0.0,0.0,0.0,24.71,0,13.58,0,-0.06484,0,0.2263,0,-8.85,0,17999.0,0,17999.0,0,17999.0,0,17997.0,0,17998.0,0,17998.0,0,0.0,0.0,0.0,0.0,0.0,0.0,0.0,0.0,0.0,2.0,1.0,1.0,,,,277.9,180.6,15.84,0.0,0.0,0.0,1.117,69.14128,15.684167,2.0
2020-03-14 10:00:00,2020-03-14,2020-03-14 10:00:00,2.873,0,0.7128,0,0.2471,0,277.6,0,194.9,0,16.51,0,0.7698,0,0.3425,0,0.1117,0,0.0971,0,12.84,2,0.004197,0,0.1341,0.1314,0.1641,0.1012,-0.1649,-0.5339,2.492,3.045,3.502,2.223,2.472,3.516,-0.04532,-0.02807,0.06945,-1.392,0.02768,-0.02256,-0.005088,0.08974,0.007367,0.01155,0.1357,-0.003902,-0.6398,-0.001315,-0.02739,4.773,0,13.94,2.97,0.0,2.093e-17,0.7142,0.3885,0.1214,-0.1407,-0.08299,0.06691,-1.314,0.02822,-0.003438,-0.02166,0.4224,0.0004838,0.005998,0.2458,-0.006271,2.97,0,166.1,0,12.82,0,6.763,0,100.8,0,-1.245,0,1012.0,0,1.263,0,2491000.0,0,0.002965,0,0.0,0.0,0.0,0.0,9.346,0,11.02,0,-0.1048,0,0.2881,0,-6.271,0,17998.0,0,17998.0,0,17998.0,0,17994.0,0,17984.0,0,17975.0,0,0.0,0.0,0.0,0.0,0.0,0.0,0.0,0.0,0.0,4.0,14.0,23.0,,,,278.2,194.3,16.53,0.0,0.0,0.0,1.12,69.14128,15.684167,2.0
2020-03-14 10:30:00,2020-03-14,2020-03-14 10:30:00,2.876,0,0.5371,0,0.281,0,277.4,0,198.9,0,16.53,0,0.5028,0,0.3778,0,0.1382,0,0.08612,0,4.364,2,0.001864,0,0.2025,0.01077,0.1199,-0.03969,-0.007873,-0.465,2.58,2.764,3.894,2.331,4.048,3.72,-0.04448,-0.007795,0.07961,-0.5677,0.009593,-0.01879,-0.002765,-0.1017,0.000971,0.03375,0.1542,-0.004608,-0.09313,-0.0002104,-0.03707,5.486,0,10.58,2.94,0.0,2.894e-17,0.4773,0.3981,0.1434,-0.06536,-0.04367,0.08061,-0.5593,0.009124,-0.01084,-0.01733,0.004228,-0.0008065,0.02616,0.2086,-0.005505,2.94,0,169.4,0,12.23,0,7.436,0,100.7,0,-0.8674,0,1012.0,0,1.263,0,2492000.0,0,0.003026,0,0.0,0.0,0.0,0.0,40.77,0,9.358,0,-0.05515,0,0.209,0,-5.505,0,17999.0,0,17999.0,0,17998.0,0,17996.0,0,17999.0,0,17999.0,0,0.0,0.0,0.0,0.0,0.0,0.0,0.0,0.0,1.0,3.0,0.0,0.0,,,-0.4,276.9,,,0.0,0.0,0.0,1.125,69.14128,15.684167,2.0
2020-03-14 11:00:00,2020-03-14,2020-03-14 11:00:00,3.722,0,0.1306,0,0.413,0,277.8,0,197.5,0,16.57,0,0.6045,0,0.4167,0,0.1418,0,0.058,0,6.977,2,0.003053,0,0.4891,0.6083,0.03367,0.161,0.2147,-0.2056,3.022,3.824,4.153,2.791,4.106,3.241,-0.08446,-0.01229,0.04894,-0.656,0.01828,-0.02987,0.001392,-0.09534,0.001805,0.01674,0.2463,-0.003472,-0.01256,0.002194,-0.0622,6.329,0,2.009,3.747,0.0,-2.76e-17,0.5899,0.4228,0.1502,-0.09352,-0.06304,0.05051,-0.6278,0.01784,-0.01923,-0.0003254,-0.07228,0.001163,0.01124,0.3174,-0.005471,3.747,0,178.0,0,9.987,0,6.012,0,100.7,0,-0.7698,0,1012.0,0,1.261,0,2491000.0,0,0.003011,0,0.0,0.0,0.0,0.0,17.49,0,14.23,0,-0.07946,0,0.2511,0,-5.471,0,17998.0,0,17998.0,0,17998.0,0,17996.0,0,17998.0,0,17998.0,0,0.0,0.0,0.0,0.0,0.0,0.0,0.0,0.0,0.0,2.0,0.0,0.0,,,,277.8,,,0.0,0.0,0.0,1.127,69.14128,15.684167,2.0
2020-03-14 11:30:00,2020-03-14,2020-03-14 11:30:00,3.899,0,0.367,0,0.3694,0,278.2,0,197.2,0,16.65,0,0.4477,0,0.5216,0,0.1524,0,0.04015,0,5.999,2,0.003529,0,0.00643,0.2645,-0.02612,0.1257,0.3518,0.6071,2.836,3.129,3.459,2.868,4.34,8.449,-0.09379,-0.03972,-0.01316,-0.4122,-0.002421,-0.04458,-0.01191,-0.2056,0.01456,0.01223,0.3016,-0.002828,0.1267,-0.00128,-0.009246,5.389,0,5.378,3.934,0.0,-4.772e-17,0.4202,0.5384,0.163,-0.08869,-0.06898,-0.01301,-0.3994,-0.001306,-0.03247,-0.01063,-0.1661,0.01473,0.01352,0.3407,-0.002718,3.934,0,174.6,0,10.41,0,5.942,0,100.6,0,-0.8631,0,1012.0,0,1.258,0,2490000.0,0,0.00301,0,0.0,0.0,0.0,0.0,20.99,0,15.27,0,-0.0868,0,0.2626,0,-2.718,0,17999.0,0,17999.0,0,17999.0,0,17994.0,0,17999.0,0,17999.0,0,0.0,0.0,0.0,0.0,0.0,0.0,0.0,0.0,0.0,5.0,0.0,0.0,,,,278.4,,,0.0,0.0,0.0,1.129,69.14128,15.684167,2.0
2020-03-14 12:00:00,2020-03-14,2020-03-14 12:00:00,4.303,0,0.854,0,0.3785,0,278.3,0,196.1,0,16.79,0,0.9662,0,0.7028,0,0.2286,0,0.03504,0,6.814,2,0.004267,0,0.2736,0.1714,0.0613,0.1311,0.4534,-0.4979,2.826,2.597,3.779,2.964,4.89,2.633,0.1183,-0.08748,-0.028,-0.9192,0.01937,-0.05534,0.002545,-0.3755,0.02006,0.01248,0.348,-0.006336,0.06788,0.0009086,-0.03095,4.93,0,11.22,4.404,0.0,3.317e-17,0.9791,0.6676,0.2509,0.05558,-0.1613,-0.02579,-0.9412,0.02227,-0.04219,0.007946,-0.1894,0.01591,0.01476,0.4304,-0.008281,4.404,0,168.8,0,10.54,0,6.668,0,100.6,0,-1.004,0,1012.0,0,1.257,0,2490000.0,0,0.002997,0,0.0,0.0,0.0,0.0,22.89,0,19.29,0,-0.2028,0,0.4016,0,-8.281,0,17999.0,0,17999.0,0,17999.0,0,17989.0,0,17999.0,0,17999.0,0,0.0,0.0,0.0,0.0,0.0,0.0,0.0,0.0,0.0,10.0,0.0,0.0,,,,278.5,,,0.0,0.0,0.0,1.129,69.14128,15.684167,2.0
2020-03-14 12:30:00,2020-03-14,2020-03-14 12:30:00,4.625,0,1.256,0,0.2959,0,278.5,0,201.5,0,16.98,0,0.8479,0,0.4096,0,0.2446,0,0.0298,0,29.16,2,0.003202,0,0.3446,0.2269,0.06967,0.02702,0.1901,-0.1073,2.784,3.889,3.409,3.019,1.93,2.257,0.1272,-0.08703,-0.0494,-3.104,-0.01525,-0.03625,-0.01305,-0.7982,-0.005425,0.01075,0.2693,-0.00354,0.1978,0.001024,0.206,3.534,0,15.19,4.801,0.0,1.044e-17,0.8682,0.3754,0.2586,-0.001884,-0.132,-0.05034,-3.182,-0.01633,-0.01208,0.0003483,0.04313,-0.001239,0.01388,0.4663,-0.002538,4.801,0,164.8,0,7.485,0,6.202,0,100.5,0,-1.136,0,1012.0,0,1.255,0,2489000.0,0,0.003085,0,0.0,0.0,0.0,0.0,21.5,0,20.89,0,-0.1657,0,0.3633,0,-2.538,0,17998.0,0,17998.0,0,17998.0,0,17986.0,0,17998.0,0,17997.0,0,0.0,0.0,0.0,0.0,0.0,0.0,0.0,0.0,0.0,12.0,0.0,1.0,,,,278.5,,17.05,0.0,0.0,0.0,1.131,69.14128,15.684167,2.0
2020-03-14 13:00:00,2020-03-14,2020-03-14 13:00:00,2.945,0,1.227,0,0.2569,0,278.6,0,223.0,0,17.15,0,0.6283,0,0.6963,0,0.1902,0,0.02804,0,85.3,2,0.005332,0,0.3706,0.5059,-0.1171,0.1315,-0.1066,-0.4046,2.654,3.13,3.701,3.15,2.018,2.063,0.007478,-0.0502,-0.02278,-1.846,0.01196,-0.03748,-0.00856,2.991,0.02056,0.01061,0.5154,-0.00306,0.1327,-0.001531,0.4371,4.603,0,22.62,3.201,0.0,-2.934e-18,0.631,0.681,0.2029,0.02809,-0.09624,-0.02339,-0.5103,0.01865,-0.0176,0.0008581,3.47,0.01438,0.01253,0.5581,-0.004571,3.201,0,157.4,0,14.38,0,7.775,0,100.4,0,-1.07,0,1012.0,0,1.253,0,2489000.0,0,0.003421,0,0.0,0.0,0.0,0.0,19.39,0,25.01,0,-0.1206,0,0.3102,0,-4.571,0,17999.0,0,17999.0,0,17999.0,0,17995.0,0,17999.0,0,17999.0,0,0.0,0.0,0.0,0.0,0.0,0.0,0.0,0.0,0.0,4.0,0.0,0.0,,,,278.4,,,0.0,0.0,0.0,1.134,69.14128,15.684167,2.0
2020-03-14 13:30:00,2020-03-14,2020-03-14 13:30:00,3.782,0,2.748,0,0.3185,0,278.8,0,240.7,0,17.16,0,0.7311,0,0.904,0,0.3839,0,0.03251,0,39.26,2,0.004996,0,0.5802,0.3619,-0.02936,0.02129,0.3811,-0.6383,3.587,3.787,3.678,3.173,2.906,3.599,0.2138,-0.1051,-0.01999,0.1359,-0.008219,0.04055,-0.04342,0.3629,-0.01458,0.02439,1.276,-0.01068,0.2549,-0.001357,-0.3459,3.897,0,36.01,4.686,0.0,3.717e-17,0.9831,0.6409,0.395,0.1543,-0.102,-0.03995,0.4092,-0.01591,0.0843,-0.02337,0.2137,-0.006961,0.02717,1.251,-0.00962,4.686,0,144.0,0,9.636,0,7.556,0,100.3,0,-0.9272,0,1013.0,0,1.25,0,2489000.0,0,0.003701,0,0.0,0.0,0.0,0.0,41.98,0,56.02,0,-0.1275,0,0.3194,0,-9.62,0,17997.0,0,17997.0,0,17997.0,0,17984.0,0,17997.0,0,17996.0,0,0.0,0.0,0.0,0.0,0.0,0.0,0.0,0.0,0.0,13.0,0.0,1.0,,,,278.5,,17.39,0.0,0.0,0.0,1.141,69.14128,15.684167,2.0
2020-03-14 14:00:00,2020-03-14,2020-03-14 14:00:00,5.669,0,2.572,0,0.5711,0,278.8,0,254.0,0,16.94,0,2.048,0,2.081,0,0.6484,0,0.03676,0,14.19,2,0.005691,0,0.4238,0.6002,-0.1831,0.06281,0.3483,0.1465,2.959,3.273,3.484,3.288,3.607,3.004,-0.4008,-0.1097,-0.08098,-2.378,0.0314,-0.1587,-0.06803,0.3343,-0.03124,0.03679,0.7093,-0.00408,0.1241,0.001569,-0.1532,5.241,0,24.4,6.252,-2.168e-19,4.791e-18,1.713,2.377,0.6877,-0.2595,-0.2631,-0.09807,-1.954,0.01525,-0.07577,-0.02849,1.287,-0.04142,0.04594,0.8915,-0.005496,6.252,0,155.6,0,13.29,0,7.512,0,100.1,0,-0.7968,0,1013.0,0,1.248,0,2489000.0,0,0.003914,0,0.0,0.0,0.0,0.0,70.89,0,39.94,0,-0.3284,0,0.513,0,-5.496,0,17995.0,0,17995.0,0,17995.0,0,17980.0,0,17995.0,0,17984.0,0,0.0,0.0,0.0,0.0,0.0,0.0,0.0,0.0,0.0,15.0,4.0,15.0,,,,278.5,250.4,16.85,4.0,0.0,0.0,1.142,69.14128,15.684167,2.0
2020-03-14 14:30:00,2020-03-14,2020-03-14 14:30:00,6.141,0,3.075,0,0.7289,0,278.6,0,244.1,0,16.74,0,2.616,0,2.745,0,0.9193,0,0.06238,0,85.71,2,0.01991,0,0.8165,0.4367,-0.2292,-0.07396,-0.2932,-0.4444,3.684,3.032,3.718,3.064,2.194,2.712,-0.4086,-0.158,-0.2001,-6.187,-0.01537,-0.1163,-0.0513,-0.5285,-0.03872,0.04489,0.2299,-0.01894,0.9092,0.004591,0.8243,6.058,0,26.6,6.907,0.0,-9.59e-17,2.259,3.047,0.9754,-0.1953,-0.3355,-0.196,-5.713,-0.03291,-0.01274,0.04373,2.298,-0.02774,0.06595,0.8375,-0.01556,6.907,0,153.4,0,13.53,0,7.892,0,99.96,0,-0.9587,0,1013.0,0,1.247,0,2489000.0,0,0.003763,0,0.0,0.0,0.0,0.0,101.7,0,37.52,0,-0.4184,0,0.5792,0,-15.56,0,17954.0,0,17954.0,0,17954.0,0,17932.0,0,17908.0,0,17752.0,0,0.0,0.0,0.0,0.0,0.0,0.0,0.0,0.0,0.0,22.0,90.0,246.0,,,,281.7,242.2,16.68,44.0,0.0,0.0,1.136,69.14128,15.684167,2.0
2020-03-14 15:00:00,2020-03-14,2020-03-14 15:00:00,7.446,0,4.932,0,0.5934,0,278.1,0,235.3,0,16.83,0,2.379,0,3.863,0,1.228,0,0.05652,0,14.07,2,0.007986,0,0.2102,-0.04188,-0.1296,0.07485,0.2483,-0.1762,2.857,2.805,3.544,3.329,4.452,2.606,0.5162,-0.4491,-0.1555,-1.866,0.02939,-0.2081,-0.1943,-1.664,0.02895,0.06198,1.198,-0.01371,0.311,-0.005652,-0.1288,3.801,0,33.52,8.951,-4.337e-19,-5.122e-17,3.233,2.935,1.302,0.8876,-0.6225,-0.2323,-2.389,0.03949,0.0157,-0.07607,-0.357,0.007901,0.07755,1.359,-0.01636,8.951,0,146.5,0,11.12,0,7.281,0,99.78,0,-1.376,0,1013.0,0,1.247,0,2490000.0,0,0.003626,0,0.0,0.0,0.0,0.0,119.5,0,60.92,0,-0.7764,0,0.789,0,-16.36,0,17992.0,0,17992.0,0,17992.0,0,17971.0,0,17970.0,0,17867.0,0,0.0,0.0,0.0,0.0,0.0,0.0,0.0,0.0,0.0,21.0,30.0,133.0,,,,278.0,240.3,16.77,8.0,0.0,0.0,1.128,69.14128,15.684167,2.0
2020-03-14 15:30:00,2020-03-14,2020-03-14 15:30:00,7.332,0,4.805,0,0.6549,0,278.1,0,228.0,0,16.94,0,2.429,0,3.422,0,1.329,0,0.05346,0,46.41,2,0.004745,0,0.5022,0.03515,-0.2299,-0.05405,-1.15,-0.3765,3.308,3.213,3.296,3.508,5.747,3.816,0.2314,-0.4818,-0.1515,-2.794,0.02584,-0.139,-0.1181,-1.231,0.01078,0.06275,1.358,-0.01378,0.2459,0.0004781,-0.1767,4.272,0,33.24,8.791,0.0,-2.106e-16,2.859,2.911,1.409,0.5573,-0.5935,-0.1862,-2.903,0.02642,0.1066,-0.01579,0.5018,-0.005149,0.07683,1.578,-0.01579,8.791,0,146.8,0,10.97,0,7.622,0,99.64,0,-1.477,0,1013.0,0,1.246,0,2490000.0,0,0.003518,0,0.0,0.0,0.0,0.0,118.3,0,70.76,0,-0.7394,0,0.7704,0,-15.79,0,17987.0,0,17987.0,0,17986.0,0,17960.0,0,17930.0,0,17745.0,0,0.0,0.0,0.0,0.0,0.0,0.0,0.0,0.0,1.0,27.0,67.0,252.0,,,-4.91,278.1,229.0,16.91,10.0,0.0,0.0,1.129,69.14128,15.684167,2.0
2020-03-14 16:00:00,2020-03-14,2020-03-14 16:00:00,7.269,0,4.61,0,0.7017,0,278.1,0,203.9,0,16.69,0,2.542,0,3.875,0,1.282,0,0.05884,0,605.0,0,0.02058,0,0.5164,0.02487,-0.07835,0.03289,-0.8248,-0.6538,3.395,2.771,3.653,3.333,2.285,3.946,0.2673,-0.3494,-0.1508,-4.208,0.04545,-0.1844,-0.1647,9.29,0.02658,0.05155,-0.5428,-0.01315,-0.8786,-0.006415,1.727,4.66,0,32.38,8.636,2.168e-19,-8.707e-17,3.09,3.251,1.358,0.7168,-0.5412,-0.2107,1.374,0.05138,-0.02693,-0.05836,10.1,-0.001895,0.0689,-0.6566,-0.01738,8.636,0,147.6,0,11.82,0,7.578,0,99.46,0,-1.626,0,1012.0,0,1.244,0,2490000.0,0,0.00315,0,0.0,0.0,0.0,0.0,105.8,0,-29.43,0,-0.6732,0,0.7357,0,-17.38,0,17934.0,0,17934.0,0,17932.0,0,17906.0,0,17771.0,0,17428.0,0,0.0,0.0,2.0,0.0,0.0,0.0,0.0,0.0,0.0,28.0,229.0,572.0,,,,281.8,204.2,16.74,66.0,0.0,0.0,1.12,69.14128,15.684167,2.0
2020-03-14 16:30:00,2020-03-14,2020-03-14 16:30:00,8.321,0,3.362,0,0.7903,0,278.2,0,145.7,0,16.91,0,4.029,0,3.856,0,1.353,0,0.05176,0,201.1,0,0.04623,0,0.3213,0.5571,-0.157,0.0584,-0.2506,0.3206,2.792,3.493,3.606,3.62,3.009,4.84,-0.6986,-0.2769,-0.2172,1.503,0.08135,-0.319,-0.0858,1.409,-0.02827,0.03714,0.5746,-0.004011,-0.396,-0.005371,-0.8618,5.033,0,22.0,9.01,0.0,5.373e-17,3.437,4.366,1.436,-0.5773,-0.5598,-0.2293,1.965,0.06424,-0.142,0.001801,0.7427,-0.05668,0.05748,0.4038,-0.009684,9.01,0,158.0,0,12.89,0,7.413,0,99.28,0,-1.749,0,1010.0,0,1.242,0,2490000.0,0,0.002252,0,0.0,0.0,0.0,0.0,87.98,0,18.1,0,-0.6952,0,0.7482,0,-9.684,0,17901.0,0,17901.0,0,17900.0,0,17862.0,0,17663.0,0,17196.0,0,0.0,0.0,1.0,0.0,0.0,0.0,0.0,0.0,0.0,39.0,334.0,801.0,,,,284.2,152.1,16.96,96.0,0.0,0.0,1.118,69.14128,15.684167,2.0
2020-03-14 17:00:00,2020-03-14,2020-03-14 17:00:00,8.393,0,2.931,0,0.838,0,278.2,0,166.7,0,17.1,0,3.99,0,3.469,0,1.387,0,0.05394,0,138.7,0,0.03021,0,0.3578,0.7426,-0.1196,-0.07685,-0.3604,-0.007548,2.983,3.772,3.432,3.413,3.285,7.115,-0.5267,-0.1297,-0.2356,-2.659,0.00377,-0.2877,-0.04895,-1.026,-0.001312,0.01585,0.6915,-0.005349,0.3207,-0.001543,-0.4094,5.385,0,19.25,8.929,0.0,-1.1e-16,3.545,3.853,1.447,-0.5933,-0.4207,-0.2361,-2.771,0.002611,-0.174,0.03147,-0.09206,-0.002481,0.03817,0.9558,-0.005619,8.929,0,160.8,0,12.22,0,7.629,0,99.08,0,-1.572,0,1011.0,0,1.239,0,2490000.0,0,0.002584,0,0.0,0.0,0.0,0.0,58.32,0,42.84,0,-0.5212,0,0.6486,0,-5.619,0,17861.0,0,17861.0,0,17859.0,0,17808.0,0,17447.0,0,17089.0,0,0.0,0.0,2.0,0.0,0.0,0.0,0.0,0.0,0.0,53.0,552.0,910.0,,,,284.0,178.5,17.22,138.0,0.0,0.0,1.125,69.14128,15.684167,2.0
2020-03-14 17:30:00,2020-03-14,2020-03-14 17:30:00,7.898,0,2.27,0,0.613,0,278.7,0,129.8,0,17.21,0,2.627,0,1.917,0,0.8713,0,0.05809,0,594.4,0,0.05438,0,0.1957,0.4627,-0.07346,-0.123,-0.2941,0.142,2.783,4.013,3.536,2.901,2.16,6.389,0.009912,-0.2707,-0.08026,-2.239,-0.004091,-0.1404,-0.03826,-0.2183,0.00603,0.02263,0.5226,-0.002494,-3.408,0.003858,-0.9693,4.266,0,16.03,8.241,0.0,-4.055e-17,2.524,1.966,0.9251,-0.184,-0.4222,-0.08578,-2.167,-0.002446,-0.04661,-0.0146,0.4085,0.006926,0.02909,0.6857,-0.002319,8.241,0,164.0,0,9.888,0,6.761,0,98.92,0,-1.162,0,1010.0,0,1.235,0,2489000.0,0,0.002016,0,0.0,0.0,0.0,0.0,44.28,0,30.72,0,-0.5216,0,0.6498,0,-2.319,0,17871.0,0,17871.0,0,17870.0,0,17812.0,0,17437.0,0,17313.0,0,0.0,0.0,0.0,0.0,0.0,0.0,0.0,0.0,1.0,59.0,561.0,685.0,,,-3.07,285.0,143.7,17.4,127.0,0.0,0.0,1.136,69.14128,15.684167,2.0
2020-03-14 18:00:00,2020-03-14,2020-03-14 18:00:00,9.244,0,0.9503,0,0.8686,0,279.3,0,62.1,0,17.39,0,3.889,0,2.944,0,0.8069,0,0.0828,0,606.4,0,0.04992,0,0.4634,0.3002,-0.001302,0.887,-0.4025,0.2577,3.119,3.564,3.878,4.618,2.216,7.626,-0.5934,-0.1404,0.0705,-6.886,-0.003392,-0.2251,-0.03997,4.478,0.005473,0.04863,-1.102,-0.003733,-1.911,-0.001549,-2.088,5.34,0,5.87,9.333,0.0,-8.163e-17,3.703,3.075,0.8626,-0.6936,-0.4334,0.07028,-6.467,-0.00315,-0.1457,-0.04697,5.159,0.005791,0.04227,-0.5019,-0.003455,9.333,0,174.1,0,10.47,0,5.702,0,98.77,0,-0.3738,0,1008.0,0,1.231,0,2487000.0,0,0.0009671,0,0.0,0.0,0.0,0.0,64.0,0,-22.47,0,-0.5336,0,0.6583,0,-3.455,0,17888.0,0,17888.0,0,17888.0,0,17846.0,0,17181.0,0,16754.0,0,0.0,0.0,0.0,0.0,381.0,381.0,0.0,0.0,0.0,42.0,437.0,864.0,,,,284.3,96.39,17.54,111.0,0.0,0.0,1.158,69.14128,15.684167,2.0
2020-03-14 18:30:00,2020-03-14,2020-03-14 18:30:00,12.35,0,-2.109,0,1.008,0,279.9,0,54.79,0,17.29,0,5.396,4,5.317,4,0.6408,0,0.08978,0,344.4,0,0.03026,0,0.2794,-0.3612,-0.0159,-0.3639,-0.06675,0.2909,2.863,3.206,3.98,3.861,2.643,11.11,-2.363,-0.04611,0.04346,9.224,-0.09564,-0.02825,-0.1053,-4.886,0.04955,0.01697,0.8562,-0.01058,0.08764,-0.002498,-1.664,4.6,0,-9.693,12.57,0.0,9.605e-17,6.136,4.535,0.683,-2.212,-0.4829,0.06173,9.952,-0.1031,0.1422,-0.09645,-3.263,0.03274,0.01206,0.05823,-0.002311,12.57,0,189.7,0,9.771,0,3.843,0,98.61,0,0.4718,0,1008.0,0,1.227,0,2486000.0,0,0.0008564,0,0.0,0.0,0.0,0.0,18.18,0,2.606,0,-0.5923,0,0.6949,0,-2.311,0,17845.0,0,17845.0,0,17844.0,0,17818.0,0,17072.0,0,16604.0,0,0.0,0.0,0.0,0.0,621.0,613.0,0.0,0.0,1.0,27.0,305.0,781.0,,,4.98,287.1,90.93,17.44,153.0,0.0,0.0,1.18,69.14128,15.684167,2.0
2020-03-14 19:00:00,2020-03-14,2020-03-14 19:00:00,12.5,0,-3.286,0,0.9193,0,280.1,0,19.9,0,17.35,0,5.906,4,2.912,0,0.5582,0,0.04951,0,156.7,0,0.4792,0,0.5144,-0.4965,0.07058,-0.2189,6.242,6.643,2.757,3.816,4.147,2.73,60.48,85.51,-0.9459,0.1421,-0.3401,-1.292,-0.1449,0.01436,0.1209,-0.3285,0.1242,0.007841,0.7872,0.0218,-0.3112,0.006435,0.006913,4.068,0,-14.73,12.96,0.0,-9.828e-17,6.168,2.64,0.5675,-0.08383,-0.2652,-0.3582,-1.107,-0.1698,0.0561,0.03043,-0.6462,0.08327,0.03333,0.868,0.03393,12.96,0,194.7,0,7.108,0,3.336,0,98.54,0,0.9574,0,1007.0,0,1.226,0,2486000.0,0,0.0003112,0,0.0,0.0,0.0,0.0,50.17,0,,1,-0.325,0,0.5149,0,,1,17509.0,0,17509.0,0,17508.0,0,17392.0,0,511.0,2,935.0,2,0.0,0.0,0.0,0.0,17459.0,16981.0,0.0,0.0,1.0,117.0,29.0,83.0,,,-2.13,285.8,96.54,17.53,490.0,0.0,0.0,1.185,69.14128,15.684167,2.0
2020-03-14 19:30:00,2020-03-14,2020-03-14 19:30:00,11.39,0,-3.354,0,0.8732,0,280.3,0,31.5,0,18.68,0,3.188,0,2.551,0,0.4824,0,0.09919,0,1036.0,0,1.093,0,0.6231,-0.1839,0.0102,0.3743,3.688,-0.4738,3.466,3.252,3.432,115.0,16.45,2.525,-0.8234,-0.00297,-0.06433,13.67,1.204,0.0424,0.04017,23.26,3.274,-0.00155,-21.78,-2.138,19.58,2.205,-0.6479,4.205,0,-16.4,11.91,2.168e-19,1.315e-18,3.565,2.156,0.5013,-0.5152,-0.2414,-0.07297,4.928,0.0731,0.07782,0.02038,26.18,3.481,0.003811,-22.2,-2.15,11.91,0,196.4,0,6.997,0,3.441,0,98.49,0,1.461,0,1007.0,0,1.224,0,2485000.0,0,0.0004934,0,0.0,0.0,0.0,0.0,5.729,0,,1,-0.2955,0,0.4914,0,,1,7296.0,2,7294.0,2,7291.0,2,7276.0,2,28.0,2,1869.0,2,0.0,0.0,0.0,0.0,8902.0,7061.0,2.0,4.0,7.0,22.0,0.0,0.0,14.38,-5.112,0.9557,284.3,,,10701.0,0.0,9069.0,1.191,69.14128,15.684167,2.0
2020-03-14 20:00:00,2020-03-14,2020-03-14 20:00:00,,1,,1,,1,,1,726.9,0,17.36,0,,1,,1,,1,,1,113200.0,0,8.799,4,,,,,0.7394,-0.1203,,,,,2.762,3.721,,,,,,,,,,,,,,,54.46,,1,,,,,,,,,,,,,,,,,,,,,1,,1,,1,,1,98.5,0,1.825,0,,1,,1,,1,,1,1.0,1.0,1.0,1.0,,1,,1,,1,,1,,1,0.0,2,0.0,2,0.0,2,0.0,2,473.0,2,663.0,2,0.0,0.0,0.0,0.0,159.0,1.0,0.0,0.0,0.0,0.0,138.0,106.0,,,,,669.4,20.34,17998.0,0.0,17228.0,1.19,69.14128,15.684167,2.0
2020-03-14 20:30:00,2020-03-14,2020-03-14 20:30:00,8.599,0,-1.362,0,0.9103,0,281.0,0,167.0,0,15.73,0,0.7789,0,0.9397,0,0.2393,0,1.0,0,14220.0,0,3.25,0,0.055,-0.3175,-0.01809,-1.208,3.675,0.8506,3.228,2.982,4.078,7.785,37.95,2.914,-0.04961,-0.06139,0.07225,,,0.01461,0.3889,,,0.05326,,,,,-38.38,5.969,0,-8.998,8.753,0.0,8.271e-17,0.7791,0.9205,0.2584,-0.07113,-0.1194,0.01602,,,0.01229,0.3954,,,0.05188,,,8.753,0,189.0,0,6.293,0,3.331,0,98.43,0,1.976,0,1011.0,0,1.219,0,2483000.0,0,0.002632,0,0.0,0.0,0.0,0.0,77.97,0,,1,-0.1454,0,0.3455,0,,1,3303.0,2,3303.0,2,3303.0,2,3303.0,2,253.0,2,2562.0,2,0.0,0.0,0.0,0.0,2657.0,281.0,0.0,0.0,0.0,0.0,0.0,67.0,,,,,,17.83,14695.0,0.0,15088.0,1.191,69.14128,15.684167,2.0
2020-03-14 21:00:00,2020-03-14,2020-03-14 21:00:00,7.614,0,-0.7861,0,0.7781,0,279.9,0,152.0,0,18.65,0,1.246,0,1.027,0,0.1934,0,0.4576,0,38500.0,0,0.6295,0,0.3655,-0.4649,0.05441,1.201,6.465,-3.293,2.79,4.049,3.83,12.64,45.54,24.55,-0.08932,-0.02866,0.0683,,,-0.006872,-0.08588,,,-0.03085,,,,,-55.9,5.804,0,-5.895,7.694,0.0,-2.554e-17,1.246,1.011,0.2099,-0.06572,-0.1348,0.07325,,,-0.003149,-0.07841,,,-0.03845,,,7.694,0,185.9,0,7.532,0,3.464,0,98.52,0,2.281,0,1010.0,0,1.224,0,2486000.0,0,0.002383,0,0.0,0.0,0.0,0.0,-58.04,0,,1,-0.165,0,0.3671,0,,1,5825.0,2,5824.0,2,5796.0,2,5809.0,2,106.0,2,7003.0,2,0.0,0.0,0.0,0.0,13069.0,5787.0,25.0,26.0,54.0,41.0,1.0,386.0,9.902,-2.943,0.8735,280.5,8.54,18.5,12149.0,0.0,4823.0,1.198,69.14128,15.684167,2.0
2020-03-14 21:30:00,2020-03-14,2020-03-14 21:30:00,10.14,0,-3.344,0,0.4106,0,280.7,0,27.95,0,17.32,0,1.621,0,1.254,0,0.6685,0,0.3145,0,424.1,0,0.3978,0,0.293,-0.07683,-0.1619,-0.5075,2.772,1.772,2.512,3.311,2.599,3.536,24.62,26.9,-0.4153,-0.325,-0.2103,-2.074,0.1684,0.1313,0.1335,4.501,0.05602,0.2526,-6.598,-0.2476,0.2657,-0.2082,1.259,2.202,0,-18.25,10.69,0.0,7.036e-17,1.804,1.043,0.6971,-0.2237,-0.3934,-0.2316,-3.63,0.1328,0.03148,0.0609,3.626,0.1059,0.2617,-6.463,-0.2529,10.69,0,198.3,0,5.615,0,4.332,0,98.63,0,2.536,0,1007.0,0,1.224,0,2484000.0,0,0.0004377,0,0.0,0.0,0.0,0.0,393.4,0,,1,-0.4815,0,0.6272,0,-252.9,2,450.0,2,450.0,2,450.0,2,450.0,2,325.0,2,14741.0,0,0.0,0.0,0.0,0.0,15310.0,458.0,14.0,14.0,14.0,14.0,34.0,470.0,11.54,-2.697,0.9643,280.5,172.8,18.1,17534.0,0.0,2329.0,1.202,69.14128,15.684167,2.0
2020-03-14 22:00:00,2020-03-14,2020-03-14 22:00:00,9.577,0,-5.39,0,0.8768,0,280.0,0,42.75,0,18.96,0,7.096,4,6.51,4,0.6449,0,0.7673,0,669.4,0,3.394,0,1.455,-0.1978,0.1659,4.906,0.9726,1.73,5.064,1.635,5.096,39.75,4.747,5.861,-2.879,0.1811,0.1213,40.32,-0.7692,0.01277,-0.5182,-9.718,3.221,0.008748,1.162,0.4602,23.8,-1.617,-7.708,4.562,0,-29.37,11.02,0.0,1.367e-16,9.385,4.19,0.6763,-1.231,-0.5457,0.3594,39.87,-2.206,0.1985,-0.3921,11.31,2.429,-0.0199,-2.015,0.6377,11.02,0,209.4,0,10.49,0,4.002,0,98.58,0,2.341,0,1007.0,0,1.226,0,2486000.0,0,0.0006685,0,0.0,0.0,0.0,0.0,-29.98,0,,1,-0.669,0,0.7387,0,,1,180.0,2,182.0,2,182.0,2,182.0,2,938.0,2,7517.0,2,0.0,0.0,0.0,0.0,6690.0,116.0,2.0,0.0,0.0,0.0,5.0,0.0,14.39,,,,37.04,,17817.0,0.0,10366.0,1.193,69.14128,15.684167,2.0
2020-03-14 22:30:00,2020-03-14,2020-03-14 22:30:00,,1,,1,,1,,1,,1,23.53,0,,1,,1,,1,,1,,1,0.1563,0,,,,,,0.7794,,,,,,4.353,,,,,,,,,,,,,,,,,1,,,,,,,,,,,,,,,,,,,,,1,,1,,1,,1,98.49,0,2.093,0,,1,,1,,1,,1,1.0,1.0,1.0,1.0,,1,,1,,1,,1,,1,0.0,2,0.0,2,0.0,2,0.0,2,0.0,2,261.0,2,0.0,0.0,0.0,0.0,697.0,0.0,0.0,0.0,0.0,0.0,192.0,628.0,,,,,46.78,24.45,17998.0,0.0,17109.0,1.19,69.14128,15.684167,2.0
2020-03-14 23:00:00,2020-03-14,2020-03-14 23:00:00,,1,,1,,1,,1,1692.0,0,15.66,0,,1,,1,,1,,1,97420.0,0,1.073,0,,,,,-2.28,3.387,,,,,10.7,24.63,,,,,,,,,,,,,,,-169.8,,1,,,,,,,,,,,,,,,,,,,,,1,,1,,1,,1,98.5,0,2.154,0,,1,,1,,1,,1,1.0,1.0,1.0,1.0,,1,,1,,1,,1,,1,0.0,2,0.0,2,0.0,2,0.0,2,139.0,2,274.0,2,0.0,0.0,0.0,0.0,137.0,2.0,0.0,0.0,0.0,0.0,0.0,0.0,,,,,,,17999.0,0.0,17723.0,1.191,69.14128,15.684167,2.0
2020-03-14 23:30:00,2020-03-14,2020-03-14 23:30:00,,1,,1,,1,,1,251.1,0,17.61,0,,1,,1,,1,,1,11050.0,0,0.4136,0,,,,,-0.5674,0.7339,,,,,2.566,3.204,,,,,,,,,,,,,,,-51.33,,1,,,,,,,,,,,,,,,,,,,,,1,,1,,1,,1,98.52,0,2.197,0,,1,,1,,1,,1,1.0,1.0,1.0,1.0,,1,,1,,1,,1,,1,0.0,2,0.0,2,0.0,2,0.0,2,7714.0,2,13021.0,0,0.0,0.0,0.0,0.0,5395.0,1.0,0.0,0.0,0.0,0.0,2.0,89.0,,,,,126.8,19.42,17998.0,0.0,4887.0,1.197,69.14128,15.684167,2.0
